0, 1, 49.799999
2, 2, 67.300003
3, 2, 65.199997
4, 2, 61.700001
5, 2, 61.700001
6, 2, 61.799999
7, 2, 61.599998
8, 2, 61.700001
9, 2, 61.599998
10, 2, 61.700001
11, 2, 61.700001
12, 2, 61.900002
13, 3, 61.799999
14, 4, 62.400002
15, 4, 67.800003
16, 4, 68.099998
18, 4, 68.099998
19, 4, 68.099998
20, 4, 68.500000
21, 4, 68.900002
22, 4, 68.800003
23, 4, 68.800003
24, 4, 68.800003
25, 4, 68.800003
26, 4, 68.800003
27, 4, 68.800003
28, 4, 68.699997
29, 4, 68.800003
30, 4, 68.699997
31, 4, 68.800003
32, 4, 68.800003
33, 4, 68.800003
34, 4, 68.699997
35, 4, 68.800003
37, 4, 68.800003
38, 4, 68.800003
39, 4, 68.800003
40, 4, 68.800003
41, 4, 68.800003
42, 4, 68.800003
43, 4, 68.800003
44, 4, 68.800003
45, 4, 68.699997
46, 4, 68.599998
47, 4, 68.800003
48, 4, 68.800003
49, 4, 68.800003
50, 4, 68.900002
51, 5, 68.800003
52, 5, 61.599998
54, 5, 63.000000
55, 5, 61.799999
56, 5, 61.700001
57, 5, 61.700001
58, 5, 61.599998
59, 5, 61.599998
60, 5, 61.599998
61, 5, 61.599998
62, 5, 61.599998
63, 5, 63.099998
64, 5, 69.900002
65, 5, 61.799999
66, 5, 61.900002
67, 5, 62.000000
68, 5, 62.000000
69, 5, 61.900002
70, 5, 62.000000
71, 5, 62.000000
73, 5, 62.000000
74, 5, 62.000000
75, 5, 62.099998
76, 5, 62.000000
77, 5, 62.000000
78, 5, 62.000000
79, 5, 62.000000
80, 5, 62.000000
81, 5, 62.000000
82, 5, 61.900002
83, 5, 62.000000
84, 5, 61.900002
85, 5, 62.000000
86, 5, 62.000000
87, 5, 62.000000
88, 5, 62.000000
89, 5, 61.900002
90, 5, 61.900002
92, 5, 62.000000
93, 5, 61.900002
94, 5, 61.900002
95, 5, 61.900002
96, 5, 62.900002
97, 5, 62.000000
98, 5, 62.299999
99, 5, 62.299999
100, 5, 62.299999
101, 5, 62.299999
102, 5, 62.299999
103, 5, 62.299999
104, 5, 62.200001
105, 5, 62.299999
107, 5, 62.299999
108, 5, 62.299999
109, 5, 62.299999
110, 5, 62.200001
111, 5, 62.299999
112, 5, 62.299999
113, 5, 62.299999
114, 5, 62.299999
115, 5, 62.299999
116, 5, 62.200001
117, 5, 62.299999
118, 5, 62.299999
119, 5, 62.299999
120, 5, 62.299999
121, 5, 62.200001
122, 5, 62.299999
123, 5, 62.299999
125, 5, 62.400002
126, 5, 62.299999
127, 5, 62.299999
128, 5, 62.299999
129, 5, 62.099998
130, 5, 61.900002
131, 5, 61.900002
132, 5, 62.000000
133, 5, 62.000000
134, 5, 61.900002
135, 5, 61.900002
136, 5, 62.000000
137, 5, 61.900002
138, 5, 62.000000
139, 5, 61.900002
140, 5, 62.000000
141, 5, 61.900002
143, 5, 62.000000
144, 5, 61.900002
145, 5, 61.900002
146, 5, 62.000000
147, 5, 61.900002
148, 5, 61.900002
149, 5, 61.900002
150, 5, 62.000000
151, 5, 62.000000
152, 5, 61.900002
153, 5, 62.000000
154, 5, 61.900002
155, 5, 61.900002
156, 5, 61.900002
157, 5, 61.900002
158, 5, 61.900002
159, 5, 61.900002
161, 5, 61.900002
162, 5, 61.799999
163, 5, 61.799999
164, 5, 61.900002
165, 6, 63.700001
166, 6, 65.500000
167, 6, 67.000000
168, 6, 67.000000
169, 6, 67.000000
170, 6, 67.000000
171, 6, 67.000000
172, 6, 67.000000
173, 6, 67.000000
174, 6, 67.000000
175, 6, 67.000000
176, 6, 66.900002
178, 6, 67.199997
179, 6, 67.199997
180, 6, 67.199997
181, 6, 67.199997
182, 6, 67.300003
183, 6, 67.199997
184, 6, 67.199997
185, 6, 67.199997
186, 6, 67.099998
187, 6, 67.199997
188, 6, 67.199997
189, 6, 67.199997
190, 6, 67.199997
191, 6, 67.099998
192, 6, 67.199997
193, 6, 67.199997
194, 6, 67.300003
196, 6, 67.500000
197, 6, 67.500000
198, 6, 67.500000
199, 6, 67.599998
200, 6, 67.500000
201, 6, 67.500000
202, 6, 67.500000
203, 6, 67.599998
204, 6, 67.500000
205, 6, 67.500000
206, 6, 67.599998
207, 6, 67.500000
208, 6, 67.500000
209, 6, 67.500000
210, 6, 67.500000
212, 6, 67.500000
213, 6, 67.500000
214, 6, 67.500000
215, 6, 67.500000
216, 6, 67.500000
217, 6, 67.500000
218, 6, 67.500000
219, 6, 67.500000
220, 6, 67.599998
221, 6, 67.599998
222, 6, 67.599998
223, 6, 67.500000
224, 6, 67.500000
225, 6, 67.500000
226, 6, 67.300003
227, 6, 67.199997
228, 6, 67.199997
230, 6, 67.099998
231, 6, 67.099998
232, 6, 67.199997
233, 6, 67.199997
234, 6, 67.199997
235, 6, 67.099998
236, 6, 67.199997
237, 6, 67.099998
238, 6, 67.199997
239, 6, 67.199997
240, 6, 67.199997
241, 6, 67.099998
242, 6, 67.099998
243, 6, 67.099998
244, 6, 67.199997
245, 6, 67.199997
246, 6, 67.199997
248, 6, 67.199997
249, 6, 67.199997
250, 6, 67.199997
251, 6, 67.099998
252, 6, 67.099998
253, 6, 67.199997
254, 6, 67.199997
255, 6, 67.099998
256, 6, 67.199997
257, 6, 67.199997
258, 6, 67.199997
259, 6, 66.900002
260, 6, 67.000000
261, 6, 67.199997
262, 6, 67.199997
263, 6, 67.199997
265, 6, 67.099998
266, 6, 67.199997
267, 6, 67.199997
268, 6, 67.199997
269, 6, 67.199997
270, 6, 67.099998
271, 6, 67.199997
272, 6, 67.199997
273, 6, 67.199997
274, 6, 67.199997
275, 6, 67.199997
276, 6, 67.199997
277, 6, 67.199997
278, 6, 67.199997
279, 6, 67.199997
280, 6, 67.199997
281, 6, 67.199997
283, 6, 67.199997
284, 6, 67.199997
285, 6, 67.199997
286, 6, 67.199997
287, 6, 67.199997
288, 6, 67.199997
289, 6, 67.199997
290, 6, 67.199997
291, 6, 67.199997
292, 6, 67.500000
293, 6, 67.500000
294, 6, 67.500000
295, 6, 67.500000
296, 6, 67.500000
297, 6, 67.500000
298, 6, 67.500000
299, 6, 67.500000
301, 6, 67.500000
302, 6, 67.500000
303, 6, 67.500000
304, 6, 67.500000
305, 6, 67.500000
306, 6, 67.500000
307, 6, 67.500000
308, 6, 67.500000
309, 6, 67.500000
310, 6, 67.500000
311, 6, 67.500000
312, 6, 67.500000
313, 6, 67.500000
314, 6, 67.599998
315, 6, 67.599998
317, 6, 67.500000
318, 6, 67.500000
319, 6, 67.500000
320, 6, 67.599998
321, 6, 67.500000
322, 6, 67.500000
323, 6, 67.500000
324, 6, 67.199997
325, 6, 67.199997
326, 6, 67.199997
327, 6, 67.099998
328, 6, 67.199997
329, 6, 67.099998
330, 6, 67.099998
331, 6, 67.099998
332, 6, 67.099998
333, 6, 67.099998
335, 6, 67.199997
336, 6, 67.099998
337, 6, 67.199997
338, 6, 67.099998
339, 6, 67.099998
340, 6, 67.199997
341, 6, 67.199997
342, 6, 67.199997
343, 6, 67.099998
344, 6, 67.099998
345, 6, 67.099998
346, 6, 67.199997
347, 6, 67.199997
348, 6, 67.199997
349, 6, 67.099998
350, 6, 67.199997
352, 6, 67.199997
353, 6, 67.199997
354, 6, 67.199997
355, 6, 67.099998
356, 6, 67.099998
357, 6, 66.900002
358, 6, 67.099998
359, 6, 67.099998
360, 6, 67.199997
361, 6, 67.199997
362, 6, 67.199997
363, 6, 67.099998
364, 6, 67.099998
365, 6, 67.199997
366, 6, 67.199997
367, 6, 67.099998
368, 6, 67.099998
370, 6, 67.199997
371, 6, 67.199997
372, 6, 67.099998
373, 6, 67.199997
374, 6, 67.199997
375, 6, 67.199997
376, 6, 67.099998
377, 6, 67.099998
378, 6, 67.199997
379, 6, 67.199997
380, 6, 67.199997
381, 6, 67.199997
382, 6, 67.199997
383, 6, 67.099998
384, 6, 67.199997
385, 6, 67.199997
387, 6, 67.099998
388, 6, 67.199997
389, 6, 67.199997
390, 6, 67.500000
391, 6, 67.500000
392, 6, 67.500000
393, 6, 67.500000
394, 6, 67.500000
395, 6, 67.300003
396, 6, 67.400002
397, 6, 67.300003
398, 6, 67.300003
399, 6, 67.300003
400, 6, 67.300003
401, 6, 67.300003
402, 6, 67.300003
403, 6, 67.300003
405, 6, 67.300003
406, 6, 67.500000
407, 6, 67.500000
408, 6, 67.500000
409, 6, 67.500000
410, 6, 67.500000
411, 6, 67.500000
412, 6, 67.500000
413, 6, 67.500000
414, 6, 67.500000
415, 6, 67.500000
416, 6, 67.500000
417, 6, 67.500000
418, 6, 67.500000
419, 6, 67.500000
421, 6, 67.599998
422, 6, 67.199997
423, 6, 67.199997
424, 6, 67.099998
425, 6, 67.199997
426, 6, 67.099998
427, 6, 67.099998
428, 6, 67.199997
429, 6, 67.099998
430, 6, 67.199997
431, 6, 67.199997
432, 6, 67.099998
433, 6, 67.199997
434, 6, 67.099998
435, 6, 67.099998
436, 6, 67.099998
437, 6, 67.199997
439, 6, 67.199997
440, 6, 67.099998
441, 6, 67.099998
442, 6, 67.099998
443, 6, 67.099998
444, 6, 67.099998
445, 6, 67.099998
446, 6, 67.099998
447, 6, 67.199997
448, 6, 67.099998
449, 6, 67.199997
450, 6, 67.099998
451, 6, 67.099998
452, 6, 67.099998
453, 6, 67.099998
454, 6, 66.900002
456, 6, 67.099998
457, 6, 67.199997
458, 6, 67.199997
459, 6, 67.199997
460, 6, 67.199997
461, 6, 66.900002
462, 6, 67.000000
463, 6, 66.900002
464, 6, 66.900002
465, 6, 66.900002
466, 6, 67.000000
467, 6, 66.900002
468, 6, 67.000000
469, 6, 66.900002
470, 6, 67.000000
471, 6, 67.099998
472, 6, 67.099998
474, 6, 67.099998
475, 6, 67.099998
476, 6, 67.199997
477, 6, 67.199997
478, 6, 67.199997
479, 6, 67.099998
480, 6, 67.099998
481, 6, 67.099998
482, 6, 67.199997
483, 6, 67.099998
484, 6, 67.099998
485, 6, 67.199997
486, 6, 67.199997
487, 6, 67.500000
488, 6, 67.599998
489, 6, 67.500000
491, 6, 67.500000
492, 6, 67.500000
493, 6, 67.500000
494, 6, 67.500000
495, 6, 67.500000
496, 6, 67.500000
497, 6, 67.500000
498, 6, 67.599998
499, 6, 67.500000
500, 6, 67.500000
501, 6, 67.500000
502, 6, 67.500000
503, 6, 67.400002
504, 6, 67.500000
505, 6, 67.500000
507, 6, 67.500000
508, 6, 67.500000
509, 6, 67.500000
510, 6, 67.500000
511, 6, 67.500000
512, 6, 67.500000
513, 6, 67.500000
514, 6, 67.500000
515, 6, 67.500000
516, 6, 67.500000
517, 6, 67.500000
518, 6, 67.500000
519, 6, 67.099998
520, 6, 67.099998
521, 6, 67.099998
522, 6, 67.099998
523, 6, 67.099998
524, 6, 67.199997
526, 6, 67.099998
527, 6, 67.099998
528, 6, 67.099998
529, 6, 67.099998
530, 6, 67.099998
531, 6, 67.199997
532, 6, 67.099998
533, 6, 67.099998
534, 6, 67.099998
535, 6, 67.099998
536, 6, 67.099998
537, 6, 67.099998
538, 6, 67.099998
539, 6, 67.099998
540, 6, 67.199997
541, 6, 67.099998
543, 6, 67.099998
544, 6, 67.099998
545, 6, 67.199997
546, 6, 67.099998
547, 6, 67.199997
548, 6, 67.099998
549, 6, 67.099998
550, 6, 67.099998
551, 6, 66.800003
552, 6, 67.099998
553, 6, 67.099998
554, 6, 67.099998
555, 6, 67.199997
556, 6, 67.099998
557, 6, 67.099998
558, 6, 67.099998
560, 6, 67.099998
561, 6, 67.199997
562, 6, 67.199997
563, 6, 67.199997
564, 6, 67.099998
565, 6, 67.099998
566, 6, 67.099998
567, 6, 67.199997
568, 6, 67.099998
569, 6, 67.199997
570, 6, 67.199997
571, 6, 67.199997
572, 6, 67.099998
573, 6, 67.099998
574, 6, 67.099998
575, 6, 67.099998
577, 6, 67.199997
578, 6, 67.099998
579, 6, 67.099998
580, 6, 67.199997
581, 6, 67.099998
582, 6, 67.099998
583, 6, 67.199997
584, 6, 67.099998
585, 6, 67.500000
586, 6, 67.500000
587, 6, 67.500000
588, 6, 67.500000
589, 6, 67.500000
590, 6, 67.500000
591, 6, 67.500000
592, 6, 67.500000
593, 6, 67.500000
595, 6, 67.500000
596, 6, 67.500000
597, 6, 67.500000
598, 6, 67.500000
599, 6, 67.500000
600, 6, 67.500000
601, 6, 67.500000
602, 6, 67.500000
603, 6, 67.500000
604, 6, 67.500000
605, 6, 67.500000
606, 6, 67.500000
607, 6, 67.500000
608, 6, 67.500000
609, 6, 67.500000
610, 6, 67.500000
612, 6, 67.500000
613, 6, 67.599998
614, 6, 67.500000
615, 6, 67.500000
616, 6, 67.500000
617, 6, 67.099998
618, 6, 67.099998
619, 6, 67.099998
620, 6, 67.099998
621, 6, 67.099998
622, 6, 67.099998
623, 6, 67.099998
624, 6, 67.199997
625, 6, 67.199997
626, 6, 67.099998
627, 6, 67.099998
629, 6, 67.099998
630, 6, 67.099998
631, 6, 67.099998
632, 6, 67.099998
633, 6, 67.099998
634, 6, 67.099998
635, 6, 67.099998
636, 6, 67.099998
637, 6, 67.099998
638, 6, 67.199997
639, 6, 67.099998
640, 6, 67.099998
641, 6, 67.099998
642, 6, 67.099998
643, 6, 67.099998
644, 6, 67.099998
645, 6, 67.099998
647, 6, 67.099998
648, 6, 67.099998
649, 6, 66.900002
650, 6, 67.099998
651, 6, 67.099998
652, 6, 67.099998
653, 6, 67.199997
654, 6, 67.099998
655, 6, 67.099998
656, 6, 67.099998
657, 6, 67.099998
658, 6, 67.099998
659, 6, 67.099998
660, 6, 67.099998
661, 6, 67.099998
662, 6, 67.199997
664, 6, 67.099998
665, 6, 67.099998
666, 6, 67.199997
667, 6, 67.099998
668, 6, 67.099998
669, 6, 67.099998
670, 6, 67.099998
671, 6, 67.099998
672, 6, 67.099998
673, 6, 67.099998
674, 6, 67.099998
675, 6, 67.099998
676, 6, 67.199997
677, 6, 67.099998
678, 6, 67.199997
679, 6, 67.099998
681, 6, 67.099998
682, 6, 67.199997
683, 6, 67.400002
684, 6, 67.400002
685, 6, 67.400002
686, 6, 67.500000
687, 6, 67.500000
688, 6, 67.500000
689, 6, 62.299999
690, 6, 62.299999
691, 6, 62.299999
692, 6, 62.299999
693, 6, 62.299999
694, 6, 62.299999
695, 6, 62.299999
696, 6, 62.200001
697, 6, 64.900002
699, 6, 62.299999
700, 6, 62.299999
701, 6, 62.299999
702, 6, 62.400002
703, 6, 62.299999
704, 6, 62.299999
705, 6, 62.299999
706, 6, 62.200001
707, 7, 62.099998
708, 7, 85.099998
709, 7, 114.300003
710, 7, 189.000000
711, 7, 196.500000
712, 7, 189.399994
714, 7, 197.399994
715, 7, 191.399994
716, 7, 197.399994
717, 7, 194.300003
718, 7, 192.899994
719, 7, 194.100006
720, 7, 190.500000
721, 7, 188.500000
722, 7, 192.800003
723, 7, 189.399994
724, 7, 186.699997
725, 7, 196.000000
726, 7, 196.600006
727, 7, 197.399994
728, 7, 192.800003
730, 7, 192.800003
731, 7, 112.900002
732, 7, 107.000000
733, 7, 107.400002
734, 7, 107.699997
735, 7, 107.699997
736, 7, 107.800003
737, 7, 107.699997
738, 7, 147.000000
739, 7, 146.000000
740, 7, 146.399994
741, 7, 146.500000
742, 7, 146.500000
743, 7, 146.500000
744, 7, 87.099998
745, 7, 85.199997
747, 7, 85.000000
748, 7, 85.000000
749, 7, 84.900002
750, 7, 84.900002
751, 7, 85.000000
752, 7, 84.900002
753, 7, 85.000000
754, 7, 84.900002
755, 7, 84.900002
756, 7, 84.900002
757, 7, 85.000000
758, 7, 85.000000
759, 7, 84.900002
760, 7, 84.900002
761, 7, 84.900002
762, 7, 84.900002
763, 7, 84.900002
765, 7, 84.900002
766, 7, 84.900002
767, 7, 84.900002
768, 7, 85.500000
769, 7, 84.900002
770, 7, 84.800003
771, 7, 84.800003
772, 7, 84.800003
773, 7, 84.800003
774, 7, 84.800003
775, 7, 84.800003
776, 7, 84.800003
777, 7, 84.800003
778, 7, 84.800003
779, 7, 84.800003
780, 7, 84.800003
781, 7, 84.800003
783, 7, 84.800003
784, 7, 84.699997
785, 7, 84.699997
786, 7, 84.800003
787, 7, 84.699997
788, 7, 84.800003
789, 7, 84.800003
790, 7, 84.800003
791, 7, 84.800003
792, 7, 85.099998
793, 7, 84.900002
794, 7, 84.900002
795, 7, 84.900002
796, 7, 84.900002
797, 7, 84.800003
798, 7, 84.800003
800, 7, 84.900002
801, 7, 84.800003
802, 7, 84.900002
803, 7, 84.900002
804, 7, 84.900002
805, 7, 84.900002
806, 7, 84.900002
807, 7, 84.900002
808, 7, 84.900002
809, 7, 84.900002
810, 7, 84.900002
811, 7, 84.900002
812, 7, 84.900002
813, 7, 84.900002
815, 7, 84.800003
816, 7, 85.000000
817, 7, 85.000000
818, 7, 85.000000
819, 7, 85.099998
820, 7, 85.000000
821, 7, 85.000000
822, 7, 85.000000
823, 7, 85.000000
824, 7, 85.000000
825, 7, 85.000000
826, 7, 85.000000
827, 7, 85.000000
828, 7, 85.099998
829, 7, 85.000000
830, 7, 85.000000
831, 7, 85.099998
832, 7, 85.000000
834, 7, 85.000000
835, 7, 85.099998
836, 7, 85.000000
837, 7, 85.099998
838, 7, 85.199997
839, 7, 118.800003
840, 7, 116.000000
841, 7, 118.199997
842, 7, 118.300003
843, 7, 128.500000
844, 7, 116.400002
845, 7, 111.699997
846, 7, 111.800003
847, 7, 111.900002
848, 7, 131.500000
849, 7, 111.800003
851, 7, 111.800003
852, 7, 166.699997
853, 7, 111.599998
854, 7, 111.699997
855, 7, 111.599998
856, 7, 111.599998
857, 7, 111.599998
858, 7, 111.599998
859, 7, 111.599998
860, 7, 111.699997
861, 7, 111.599998
862, 7, 111.599998
863, 7, 111.699997
864, 7, 111.699997
865, 7, 111.599998
866, 7, 111.599998
868, 7, 111.699997
869, 7, 111.599998
870, 7, 111.599998
871, 7, 111.699997
872, 7, 111.599998
873, 7, 111.699997
874, 7, 111.699997
875, 7, 111.699997
876, 7, 111.500000
877, 7, 111.400002
878, 7, 111.599998
879, 7, 111.599998
880, 7, 111.599998
881, 7, 111.699997
882, 7, 111.699997
884, 7, 111.699997
885, 7, 111.699997
886, 7, 111.699997
887, 7, 111.699997
888, 7, 111.699997
889, 7, 111.699997
890, 7, 111.699997
891, 7, 111.699997
892, 7, 111.800003
893, 7, 111.800003
894, 7, 111.699997
895, 7, 111.800003
896, 7, 111.699997
897, 7, 111.800003
898, 7, 111.699997
899, 7, 112.900002
901, 7, 111.699997
902, 7, 111.400002
903, 7, 111.500000
904, 7, 112.099998
905, 7, 112.099998
906, 7, 112.099998
907, 7, 112.099998
908, 7, 112.099998
909, 7, 112.099998
910, 7, 112.099998
911, 7, 112.099998
912, 7, 112.099998
913, 7, 112.099998
914, 7, 112.099998
916, 7, 112.099998
917, 7, 112.099998
918, 7, 112.099998
919, 7, 112.000000
920, 7, 112.099998
921, 7, 112.099998
922, 7, 112.699997
923, 7, 111.599998
924, 7, 111.699997
925, 7, 111.699997
926, 7, 111.699997
927, 7, 111.699997
928, 7, 111.699997
929, 7, 111.699997
930, 7, 111.699997
932, 7, 111.699997
933, 7, 111.699997
934, 7, 111.699997
935, 7, 111.699997
936, 7, 111.699997
937, 7, 111.699997
938, 7, 111.699997
939, 7, 111.699997
940, 7, 112.500000
941, 7, 111.599998
942, 7, 111.599998
943, 7, 111.599998
944, 7, 111.599998
945, 7, 111.599998
946, 7, 111.699997
947, 7, 112.000000
949, 7, 112.199997
950, 7, 112.000000
951, 7, 112.099998
952, 7, 112.000000
953, 7, 112.000000
954, 7, 112.099998
955, 7, 112.099998
956, 7, 112.000000
957, 7, 112.000000
958, 7, 112.099998
959, 7, 112.099998
960, 7, 112.000000
961, 7, 112.000000
962, 7, 113.599998
963, 7, 118.900002
965, 7, 118.900002
966, 7, 118.900002
967, 7, 119.000000
968, 7, 118.900002
969, 7, 118.900002
970, 7, 118.900002
971, 7, 118.900002
972, 7, 119.000000
973, 7, 119.000000
974, 7, 118.900002
975, 7, 118.900002
976, 7, 118.900002
977, 7, 118.900002
978, 7, 118.900002
979, 7, 118.900002
980, 7, 118.000000
982, 7, 118.400002
983, 7, 118.500000
984, 7, 118.500000
985, 7, 118.500000
986, 7, 118.599998
987, 7, 118.599998
988, 7, 118.500000
989, 7, 118.599998
990, 7, 118.599998
991, 7, 118.500000
992, 7, 118.599998
993, 7, 118.599998
994, 7, 118.500000
995, 7, 118.599998
996, 7, 118.599998
997, 7, 118.599998
999, 7, 118.599998
1000, 7, 118.599998
1001, 7, 118.599998
1002, 7, 118.500000
1003, 7, 118.599998
1004, 7, 118.500000
1005, 7, 117.900002
1006, 7, 117.900002
1007, 7, 118.900002
1008, 7, 118.900002
1009, 7, 118.900002
1010, 7, 118.900002
1011, 7, 118.900002
1013, 7, 119.000000
1014, 7, 118.900002
1015, 7, 118.900002
1016, 7, 118.900002
1017, 7, 118.900002
1018, 7, 118.900002
1019, 7, 118.900002
1020, 7, 118.900002
1021, 7, 118.900002
1022, 7, 118.800003
1023, 7, 119.000000
1024, 7, 119.099998
1025, 7, 118.500000
1026, 7, 118.500000
1027, 7, 118.500000
1029, 7, 118.500000
1030, 7, 118.500000
1031, 7, 118.500000
1032, 7, 118.500000
1033, 7, 118.500000
1034, 7, 118.500000
1035, 7, 118.500000
1036, 7, 118.500000
1037, 7, 118.500000
1038, 7, 118.500000
1039, 7, 118.400002
1040, 7, 118.500000
1041, 7, 118.699997
1042, 7, 118.400002
1044, 7, 118.599998
1045, 7, 118.599998
1046, 7, 118.599998
1047, 7, 118.500000
1048, 7, 118.599998
1049, 7, 118.500000
1050, 7, 118.599998
1051, 7, 118.500000
1052, 7, 118.500000
1053, 7, 118.599998
1054, 7, 118.500000
1055, 7, 118.599998
1056, 7, 118.599998
1057, 7, 118.599998
1059, 7, 118.599998
1060, 7, 118.599998
1061, 7, 118.699997
1062, 7, 118.699997
1063, 7, 118.599998
1064, 7, 118.599998
1065, 7, 118.599998
1066, 7, 118.599998
1067, 7, 118.699997
1068, 7, 118.699997
1069, 7, 118.699997
1070, 7, 118.599998
1071, 7, 118.599998
1072, 7, 118.699997
1073, 7, 118.699997
1075, 7, 118.699997
1076, 7, 118.699997
1077, 7, 118.699997
1078, 7, 118.699997
1079, 7, 118.699997
1080, 7, 118.699997
1081, 7, 118.699997
1082, 7, 118.599998
1083, 7, 118.099998
1084, 7, 118.400002
1085, 7, 118.500000
1086, 7, 118.500000
1087, 7, 118.500000
1088, 7, 118.500000
1089, 7, 118.400002
1091, 7, 118.400002
1092, 7, 118.500000
1093, 7, 118.500000
1094, 7, 118.500000
1095, 7, 118.500000
1096, 7, 118.500000
1097, 7, 118.500000
1098, 7, 118.500000
1099, 7, 118.500000
1100, 7, 118.500000
1101, 7, 118.500000
1102, 7, 118.500000
1103, 7, 118.500000
1104, 7, 118.500000
1105, 7, 118.500000
1107, 7, 118.099998
1108, 7, 118.199997
1109, 7, 118.900002
1110, 7, 118.900002
1111, 7, 118.900002
1112, 7, 118.900002
1113, 7, 118.900002
1114, 7, 118.900002
1115, 7, 118.900002
1116, 7, 118.900002
1117, 7, 119.000000
1118, 7, 118.900002
1119, 7, 118.900002
1121, 7, 118.900002
1122, 7, 118.900002
1123, 7, 118.900002
1124, 7, 118.900002
1125, 7, 118.900002
1126, 7, 118.900002
1127, 7, 118.599998
1128, 7, 118.400002
1129, 7, 118.500000
1130, 7, 118.500000
1131, 7, 118.500000
1132, 7, 118.400002
1133, 7, 118.500000
1134, 7, 118.500000
1135, 7, 118.500000
1137, 7, 118.500000
1138, 7, 118.400002
1139, 7, 118.500000
1140, 7, 118.500000
1141, 7, 118.400002
1142, 7, 118.400002
1143, 7, 118.599998
1144, 7, 118.599998
1145, 7, 118.400002
1146, 7, 118.500000
1147, 7, 118.599998
1148, 7, 118.500000
1149, 7, 118.500000
1150, 7, 118.500000
1151, 7, 118.500000
1153, 7, 118.500000
1154, 7, 118.500000
1155, 7, 118.599998
1156, 7, 118.500000
1157, 7, 118.500000
1158, 7, 118.500000
1159, 7, 118.500000
1160, 7, 118.500000
1161, 7, 118.400002
1162, 7, 118.500000
1163, 7, 118.500000
1164, 7, 118.500000
1165, 7, 118.500000
1166, 7, 118.500000
1167, 7, 118.500000
1169, 7, 118.500000
1170, 7, 118.500000
1171, 7, 118.500000
1172, 7, 118.500000
1173, 7, 118.500000
1174, 7, 118.500000
1175, 7, 118.500000
1176, 7, 118.500000
1177, 7, 118.500000
1178, 7, 118.500000
1179, 7, 118.500000
1180, 7, 118.500000
1181, 7, 118.500000
1182, 7, 118.500000
1183, 7, 118.500000
1185, 7, 118.199997
1186, 7, 118.300003
1187, 7, 118.500000
1188, 7, 118.400002
1189, 7, 118.400002
1190, 7, 118.500000
1191, 7, 118.500000
1192, 7, 118.500000
1193, 7, 118.500000
1194, 7, 118.500000
1195, 7, 118.500000
1196, 7, 118.500000
1197, 7, 118.400002
1198, 7, 118.500000
1199, 7, 118.400002
1201, 7, 118.400002
1202, 7, 118.500000
1203, 7, 118.500000
1204, 7, 118.500000
1205, 7, 118.500000
1206, 7, 118.500000
1207, 7, 118.400002
1208, 7, 118.400002
1209, 7, 118.400002
1210, 7, 118.199997
1211, 7, 118.900002
1212, 7, 118.800003
1213, 7, 118.800003
1215, 7, 118.900002
1216, 7, 118.900002
1217, 7, 118.800003
1218, 7, 118.900002
1219, 7, 118.800003
1220, 7, 118.900002
1221, 7, 118.900002
1222, 7, 118.900002
1223, 7, 118.900002
1224, 7, 118.900002
1225, 7, 118.900002
1226, 7, 118.699997
1227, 7, 118.699997
1228, 7, 118.599998
1229, 7, 118.500000
1231, 7, 118.500000
1232, 7, 118.500000
1233, 7, 118.500000
1234, 7, 118.500000
1235, 7, 118.500000
1236, 7, 118.500000
1237, 7, 118.500000
1238, 7, 118.500000
1239, 7, 118.500000
1240, 7, 118.500000
1241, 7, 118.500000
1242, 7, 118.500000
1243, 7, 118.500000
1244, 7, 118.400002
1245, 7, 118.400002
1247, 7, 118.500000
1248, 7, 118.500000
1249, 7, 118.400002
1250, 7, 118.400002
1251, 7, 118.400002
1252, 7, 118.500000
1253, 7, 118.400002
1254, 7, 118.500000
1255, 7, 118.400002
1256, 7, 118.400002
1257, 7, 118.500000
1258, 7, 118.400002
1259, 7, 118.500000
1260, 7, 118.400002
1261, 7, 118.500000
1263, 7, 118.400002
1264, 7, 118.400002
1265, 7, 118.400002
1266, 7, 118.400002
1267, 7, 118.500000
1268, 7, 118.500000
1269, 7, 118.300003
1270, 7, 118.400002
1271, 7, 118.400002
1272, 7, 118.400002
1273, 7, 118.400002
1274, 7, 118.400002
1275, 7, 118.400002
1276, 7, 118.400002
1277, 7, 118.400002
1279, 7, 118.500000
1280, 7, 118.400002
1281, 7, 118.400002
1282, 7, 118.400002
1283, 7, 118.400002
1284, 7, 118.400002
1285, 7, 118.500000
1286, 7, 118.400002
1287, 7, 118.099998
1288, 7, 118.099998
1289, 7, 118.400002
1290, 7, 118.500000
1291, 7, 118.400002
1292, 7, 118.400002
1293, 7, 118.500000
1295, 7, 118.500000
1296, 7, 118.500000
1297, 7, 118.599998
1298, 7, 118.500000
1299, 7, 118.500000
1300, 7, 118.500000
1301, 7, 118.500000
1302, 7, 118.599998
1303, 7, 118.599998
1304, 7, 118.599998
1305, 7, 118.500000
1306, 7, 118.599998
1307, 7, 118.500000
1308, 7, 118.500000
1309, 7, 118.500000
1311, 7, 118.599998
1312, 7, 118.099998
1313, 7, 118.199997
1314, 7, 118.800003
1315, 7, 118.900002
1316, 7, 118.800003
1317, 7, 118.900002
1318, 7, 118.800003
1319, 7, 118.800003
1320, 7, 118.800003
1321, 7, 118.800003
1322, 7, 118.800003
1323, 7, 118.900002
1325, 7, 118.900002
1326, 7, 118.800003
1327, 7, 118.800003
1328, 7, 118.900002
1329, 7, 118.800003
1330, 7, 118.599998
1331, 7, 118.699997
1332, 7, 118.400002
1333, 7, 118.400002
1334, 7, 118.400002
1335, 7, 118.400002
1336, 7, 118.500000
1337, 7, 118.500000
1338, 7, 118.500000
1339, 7, 118.500000
1341, 7, 118.500000
1342, 7, 118.500000
1343, 7, 118.400002
1344, 7, 118.500000
1345, 7, 118.500000
1346, 7, 118.500000
1347, 7, 118.400002
1348, 7, 118.400002
1349, 7, 118.599998
1350, 7, 118.300003
1351, 7, 118.500000
1352, 7, 118.400002
1353, 7, 118.400002
1354, 7, 118.400002
1355, 7, 118.400002
1357, 7, 118.400002
1358, 7, 118.400002
1359, 7, 118.500000
1360, 7, 118.500000
1361, 7, 118.500000
1362, 7, 118.500000
1363, 7, 118.599998
1364, 7, 118.500000
1365, 7, 118.599998
1366, 7, 118.599998
1367, 7, 118.500000
1368, 7, 118.599998
1369, 7, 118.500000
1370, 7, 118.500000
1371, 7, 118.500000
1373, 7, 118.599998
1374, 7, 118.500000
1375, 7, 118.599998
1376, 7, 118.500000
1377, 7, 118.599998
1378, 7, 118.500000
1379, 7, 118.500000
1380, 7, 118.599998
1381, 7, 118.599998
1382, 7, 118.500000
1383, 7, 118.500000
1384, 7, 118.500000
1385, 7, 118.500000
1386, 7, 118.500000
1387, 7, 118.500000
1389, 7, 117.900002
1390, 7, 118.199997
1391, 7, 118.400002
1392, 7, 118.400002
1393, 7, 118.400002
1394, 7, 118.500000
1395, 7, 118.500000
1396, 7, 118.500000
1397, 7, 118.400002
1398, 7, 118.500000
1399, 7, 118.500000
1400, 7, 118.500000
1401, 7, 118.000000
1402, 7, 118.400002
1403, 7, 118.400002
1405, 7, 118.400002
1406, 7, 118.500000
1407, 7, 118.400002
1408, 7, 118.400002
1409, 7, 118.500000
1410, 7, 118.400002
1411, 7, 118.400002
1412, 7, 118.400002
1413, 7, 118.400002
1414, 7, 118.099998
1415, 7, 118.199997
1416, 7, 118.699997
1417, 7, 118.400002
1419, 7, 118.400002
1420, 7, 118.400002
1421, 7, 118.400002
1422, 7, 118.400002
1423, 7, 118.400002
1424, 7, 118.400002
1425, 7, 118.500000
1426, 7, 118.400002
1427, 7, 118.500000
1428, 7, 118.500000
1429, 7, 118.500000
1430, 7, 118.400002
1431, 7, 118.400002
1432, 7, 118.599998
1433, 7, 118.599998
1435, 7, 118.800003
1436, 7, 116.400002
1437, 7, 117.400002
1438, 7, 118.300003
1439, 7, 118.400002
1440, 7, 118.400002
1441, 7, 118.400002
1442, 7, 118.400002
1443, 7, 118.500000
1444, 7, 118.400002
1445, 7, 118.500000
1446, 7, 118.500000
1447, 7, 118.400002
1448, 7, 118.400002
1449, 7, 118.300003
1451, 7, 118.500000
1452, 7, 118.599998
1453, 7, 118.500000
1454, 7, 118.199997
1455, 7, 118.400002
1456, 7, 118.400002
1457, 7, 118.500000
1458, 7, 118.400002
1459, 7, 118.400002
1460, 7, 118.500000
1461, 7, 118.400002
1462, 7, 118.400002
1463, 7, 118.500000
1464, 7, 118.400002
1465, 7, 118.500000
1467, 7, 118.400002
1468, 7, 118.400002
1469, 7, 118.300003
1470, 7, 118.500000
1471, 7, 118.500000
1472, 7, 118.500000
1473, 7, 118.400002
1474, 7, 118.500000
1475, 7, 118.500000
1476, 7, 118.500000
1477, 7, 118.500000
1478, 7, 118.400002
1479, 7, 118.400002
1480, 7, 118.500000
1481, 7, 118.400002
1483, 7, 118.500000
1484, 7, 118.400002
1485, 7, 118.400002
1486, 7, 118.500000
1487, 7, 118.400002
1488, 7, 118.400002
1489, 7, 118.500000
1490, 7, 118.500000
1491, 7, 118.500000
1492, 7, 118.099998
1493, 7, 118.300003
1494, 7, 118.400002
1495, 7, 118.400002
1496, 7, 118.500000
1497, 7, 118.500000
1499, 7, 118.400002
1500, 7, 118.400002
1501, 7, 118.500000
1502, 7, 118.500000
1503, 7, 118.500000
1504, 7, 118.500000
1505, 7, 118.500000
1506, 7, 118.400002
1507, 7, 118.400002
1508, 7, 118.500000
1509, 7, 118.500000
1510, 7, 118.500000
1511, 7, 118.400002
1513, 7, 118.500000
1514, 7, 118.400002
1515, 7, 118.500000
1516, 7, 117.400002
1517, 7, 117.699997
1518, 7, 118.000000
1519, 7, 116.500000
1520, 7, 118.400002
1521, 7, 118.500000
1522, 7, 118.400002
1523, 7, 118.400002
1524, 7, 118.400002
1525, 7, 118.400002
1526, 7, 118.500000
1527, 7, 118.400002
1529, 7, 118.400002
1530, 7, 118.400002
1531, 7, 118.500000
1532, 7, 118.400002
1533, 7, 118.000000
1534, 7, 118.000000
1535, 7, 118.400002
1536, 7, 118.599998
1537, 7, 118.500000
1538, 7, 118.400002
1539, 7, 118.500000
1540, 7, 118.400002
1541, 7, 118.400002
1542, 7, 118.300003
1543, 7, 118.500000
1545, 7, 118.500000
1546, 7, 118.500000
1547, 7, 118.500000
1548, 7, 118.500000
1549, 7, 118.500000
1550, 7, 118.500000
1551, 7, 118.500000
1552, 7, 118.300003
1553, 7, 118.500000
1554, 7, 118.500000
1555, 7, 118.500000
1556, 7, 118.500000
1557, 7, 118.500000
1558, 7, 118.500000
1559, 7, 118.500000
1561, 7, 118.500000
1562, 7, 118.500000
1563, 7, 118.500000
1564, 7, 118.500000
1565, 7, 118.500000
1566, 7, 118.500000
1567, 7, 118.500000
1568, 7, 118.500000
1569, 7, 118.500000
1570, 7, 118.500000
1571, 7, 118.599998
1572, 7, 118.500000
1573, 7, 118.500000
1574, 7, 118.500000
1575, 7, 118.500000
1577, 7, 118.500000
1578, 7, 118.500000
1579, 7, 118.500000
1580, 7, 118.500000
1581, 7, 118.500000
1582, 7, 118.500000
1583, 7, 118.500000
1584, 7, 118.500000
1585, 7, 118.500000
1586, 7, 118.599998
1587, 7, 118.500000
1588, 7, 118.500000
1589, 7, 118.500000
1590, 7, 118.500000
1591, 7, 118.400002
1593, 7, 118.500000
1594, 7, 118.500000
1595, 7, 118.199997
1596, 7, 118.099998
1597, 7, 118.300003
1598, 7, 118.300003
1599, 7, 118.300003
1600, 7, 118.300003
1601, 7, 118.300003
1602, 7, 118.300003
1603, 7, 118.300003
1604, 7, 118.300003
1605, 7, 118.300003
1606, 7, 118.300003
1607, 7, 118.199997
1609, 7, 118.300003
1610, 7, 118.300003
1611, 7, 118.300003
1612, 7, 118.400002
1613, 7, 118.400002
1614, 7, 118.300003
1615, 7, 118.300003
1616, 7, 118.400002
1617, 7, 118.400002
1618, 7, 118.400002
1619, 7, 118.000000
1620, 7, 118.099998
1622, 7, 118.699997
1623, 7, 118.699997
1624, 7, 118.699997
1625, 7, 118.699997
1626, 7, 118.699997
1627, 7, 118.699997
1628, 7, 118.699997
1629, 7, 118.699997
1630, 7, 118.699997
1631, 7, 118.699997
1632, 7, 118.800003
1633, 7, 118.699997
1634, 7, 118.800003
1635, 7, 118.800003
1636, 7, 118.699997
1638, 7, 118.800003
1639, 7, 118.800003
1640, 7, 118.099998
1641, 7, 118.300003
1642, 7, 118.199997
1643, 7, 118.400002
1644, 7, 118.400002
1645, 7, 118.400002
1646, 7, 118.300003
1647, 7, 118.400002
1648, 7, 118.400002
1649, 7, 118.300003
1650, 7, 118.400002
1651, 7, 118.300003
1652, 7, 118.400002
1654, 7, 118.400002
1655, 7, 118.300003
1656, 7, 118.400002
1657, 7, 118.300003
1658, 7, 118.300003
1659, 7, 118.300003
1660, 7, 118.300003
1661, 7, 118.400002
1662, 7, 118.400002
1663, 7, 118.500000
1664, 7, 118.500000
1665, 7, 118.400002
1666, 7, 118.500000
1667, 7, 118.500000
1668, 7, 118.400002
1670, 7, 118.500000
1671, 7, 118.400002
1672, 7, 118.400002
1673, 7, 118.400002
1674, 7, 118.400002
1675, 7, 118.400002
1676, 7, 118.500000
1677, 7, 118.500000
1678, 7, 116.900002
1679, 7, 118.300003
1680, 7, 118.300003
1681, 7, 118.300003
1682, 7, 118.300003
1683, 7, 118.300003
1684, 7, 118.300003
1686, 7, 118.400002
1687, 7, 118.300003
1688, 7, 118.300003
1689, 7, 118.300003
1690, 7, 118.300003
1691, 7, 118.300003
1692, 7, 118.300003
1693, 7, 118.300003
1694, 7, 118.300003
1695, 7, 118.300003
1696, 7, 118.300003
1697, 7, 118.099998
1698, 7, 118.300003
1699, 7, 118.400002
1700, 7, 118.300003
1702, 7, 118.400002
1703, 7, 118.300003
1704, 7, 118.300003
1705, 7, 118.400002
1706, 7, 118.400002
1707, 7, 118.400002
1708, 7, 118.300003
1709, 7, 118.300003
1710, 7, 118.400002
1711, 7, 118.400002
1712, 7, 118.400002
1713, 7, 118.400002
1714, 7, 118.400002
1716, 7, 118.400002
1717, 7, 118.400002
1718, 7, 118.400002
1719, 7, 118.300003
1720, 7, 118.300003
1721, 7, 118.000000
1722, 7, 118.000000
1723, 7, 118.500000
1724, 7, 118.800003
1725, 7, 118.800003
1726, 7, 118.699997
1727, 7, 118.699997
1728, 7, 118.699997
1729, 7, 118.699997
1730, 7, 118.699997
1732, 7, 118.699997
1733, 7, 118.800003
1734, 7, 118.800003
1735, 7, 118.800003
1736, 7, 118.699997
1737, 7, 118.699997
1738, 7, 118.699997
1739, 7, 116.000000
1740, 7, 115.599998
1741, 7, 115.699997
1742, 7, 118.099998
1743, 7, 116.800003
1744, 7, 118.300003
1745, 7, 116.300003
1746, 7, 118.099998
1748, 7, 118.199997
1749, 7, 118.300003
1750, 7, 118.400002
1751, 7, 118.400002
1752, 7, 118.300003
1753, 7, 118.400002
1754, 7, 118.400002
1755, 7, 118.300003
1756, 7, 118.199997
1757, 7, 118.400002
1758, 7, 118.500000
1759, 7, 118.199997
1760, 7, 118.300003
1761, 7, 118.300003
1762, 7, 118.300003
1764, 7, 118.300003
1765, 7, 118.300003
1766, 7, 118.199997
1767, 7, 118.300003
1768, 7, 118.300003
1769, 7, 118.300003
1770, 7, 118.300003
1771, 7, 118.300003
1772, 7, 118.300003
1773, 7, 118.400002
1774, 7, 118.400002
1775, 7, 118.300003
1776, 7, 118.300003
1777, 7, 118.300003
1778, 7, 118.400002
1780, 7, 118.300003
1781, 7, 118.300003
1782, 7, 118.300003
1783, 7, 118.400002
1784, 7, 118.300003
1785, 7, 118.300003
1786, 7, 118.300003
1787, 7, 118.300003
1788, 7, 118.300003
1789, 7, 118.400002
1790, 7, 118.400002
1791, 7, 118.400002
1792, 7, 118.400002
1793, 7, 118.400002
1794, 7, 118.300003
1796, 7, 118.400002
1797, 7, 118.300003
1798, 7, 118.300003
1799, 7, 118.099998
1800, 7, 118.199997
1801, 7, 118.300003
1802, 7, 118.300003
1803, 7, 118.400002
1804, 7, 118.300003
1805, 7, 118.300003
1806, 7, 118.300003
1807, 7, 118.300003
1808, 7, 118.300003
1809, 7, 118.300003
1810, 7, 118.300003
1812, 7, 118.400002
1813, 7, 118.300003
1814, 7, 118.300003
1815, 7, 118.400002
1816, 7, 118.300003
1817, 7, 118.300003
1818, 7, 118.300003
1819, 7, 118.300003
1820, 7, 118.300003
1821, 7, 118.300003
1822, 7, 118.300003
1823, 7, 117.900002
1824, 7, 118.099998
1826, 7, 118.699997
1827, 7, 118.400002
1828, 7, 118.300003
1829, 7, 118.300003
1830, 7, 118.300003
1831, 7, 118.300003
1832, 7, 118.300003
1833, 7, 118.400002
1834, 7, 118.300003
1835, 7, 118.400002
1836, 7, 118.400002
1837, 7, 118.400002
1838, 7, 118.400002
1839, 7, 118.300003
1840, 7, 118.300003
1842, 7, 118.599998
1843, 7, 118.599998
1844, 7, 118.199997
1845, 7, 118.000000
1846, 7, 116.500000
1847, 7, 111.400002
1848, 7, 162.300003
1849, 7, 111.300003
1850, 7, 111.400002
1851, 7, 111.400002
1852, 7, 111.400002
1853, 7, 111.400002
1854, 7, 111.800003
1855, 7, 171.699997
1856, 7, 108.699997
1858, 7, 118.300003
1859, 7, 111.599998
1860, 7, 111.599998
1861, 7, 166.100006
1862, 7, 166.100006
1863, 7, 213.100006
1864, 7, 213.100006
1865, 7, 116.199997
1866, 7, 111.400002
1867, 7, 108.699997
1868, 7, 163.100006
1869, 7, 178.699997
1870, 7, 187.100006
1871, 7, 117.900002
1872, 7, 211.100006
1874, 7, 111.400002
1875, 7, 111.400002
1876, 7, 111.500000
1877, 7, 111.400002
1878, 7, 111.500000
1879, 7, 111.400002
1880, 7, 111.500000
1881, 7, 111.400002
1882, 7, 111.400002
1883, 7, 111.400002
1884, 7, 111.400002
1885, 7, 111.400002
1886, 7, 111.400002
1887, 7, 111.500000
1888, 7, 111.500000
1890, 7, 111.400002
1891, 7, 111.500000
1892, 7, 111.500000
1893, 7, 111.500000
1894, 7, 111.400002
1895, 7, 111.500000
1896, 8, 112.599998
1897, 8, 112.300003
1898, 8, 123.099998
1899, 8, 134.500000
1900, 8, 110.300003
1901, 8, 115.500000
1902, 8, 126.500000
1903, 8, 135.300003
1904, 8, 159.500000
1906, 8, 111.599998
1907, 8, 129.600006
1908, 8, 120.800003
1909, 8, 219.000000
1910, 8, 214.399994
1911, 8, 119.300003
1912, 8, 123.400002
1913, 8, 118.000000
1914, 9, 126.699997
1915, 9, 111.699997
1916, 9, 118.099998
1917, 9, 117.199997
1919, 10, 213.699997
1920, 11, 214.300003


